{"stat.useItem.61":1,"stat.craftItem.61":1,"stat.craftItem.67":44,"stat.leaveGame":5,"stat.jump":141,"stat.swimOneCm":439,"stat.useItem.126":50,"stat.fallOneCm":4670,"achievement.buildWorkBench":3,"achievement.exploreAllBiomes":{"value":0,"progress":["Roofed Forest","Plains","Desert"]},"stat.craftItem.5":142,"stat.damageTaken":1600,"stat.mineBlock.3":40,"achievement.botania:flowerPickup":3,"stat.mineBlock.1":102,"stat.useItem.54":2,"stat.flyOneCm":46990,"stat.useItem.50":7,"achievement.buildPickaxe":8,"stat.damageDealt":1525,"achievement.buildBetterPickaxe":4,"stat.mineBlock.126":3,"stat.killEntity.Pig":1,"stat.useItem.58":4,"stat.useItem.274":15,"stat.craftItem.263":10,"stat.walkOneCm":267987,"stat.mineBlock.175":2,"stat.mineBlock.58":1,"achievement.mineWood":58,"stat.craftItem.126":96,"stat.mineBlock.50":2,"stat.breakItem.270":2,"stat.breakItem.271":3,"achievement.openInventory":23,"stat.mineBlock.161":7,"stat.mineBlock.162":61,"stat.craftItem.280":20,"stat.mobKills":3,"stat.entityKilledBy.Creeper":1,"achievement.buildFurnace":1,"stat.craftItem.58":3,"stat.craftItem.274":2,"stat.deaths":6,"stat.drop":9,"stat.playOneMinute":111015,"stat.craftItem.50":24,"stat.useItem.4":3,"stat.craftItem.270":2,"stat.craftItem.54":2,"stat.useItem.3":51,"stat.craftItem.271":3,"stat.useItem.270":117,"stat.mineBlock.31":12,"stat.useItem.271":177}