{"stat.useItem.61":2,"stat.craftItem.61":1,"stat.leaveGame":31,"stat.mineBlock.16":55,"stat.mineBlock.15":15,"stat.jump":119,"stat.fallOneCm":2051,"achievement.exploreAllBiomes":{"value":0,"progress":["Roofed Forest","Tainted Land","Plains"]},"stat.craftItem.5":30,"stat.damageTaken":550,"stat.mineBlock.3":250,"stat.mineBlock.1":202,"achievement.botania:flowerPickup":1,"stat.mineBlock.61":1,"stat.flyOneCm":892,"stat.useItem.50":18,"stat.damageDealt":510,"stat.killEntity.Cow":1,"stat.killEntity.Pig":3,"stat.useItem.58":3,"stat.useItem.274":214,"stat.useItem.273":225,"stat.walkOneCm":131909,"stat.craftItem.265":15,"stat.craftItem.268":1,"stat.mineBlock.175":1,"stat.mineBlock.58":2,"stat.craftItem.257":1,"stat.mineBlock.50":4,"stat.breakItem.270":1,"stat.craftItem.320":4,"stat.useItem.257":2,"stat.breakItem.274":1,"achievement.openInventory":10,"stat.breakItem.273":1,"stat.mineBlock.162":8,"stat.craftItem.280":36,"stat.mobKills":4,"stat.craftItem.272":1,"stat.craftItem.273":2,"stat.craftItem.58":1,"stat.craftItem.274":2,"stat.deaths":2,"stat.playOneMinute":35429,"stat.craftItem.50":16,"stat.craftItem.270":1,"stat.useItem.3":75,"stat.craftItem.271":1,"stat.useItem.270":60,"stat.mineBlock.31":11,"stat.useItem.272":8,"stat.useItem.271":3}