{"stat.useItem.67":4,"stat.useItem.61":2,"stat.craftItem.61":1,"stat.craftItem.67":62,"stat.leaveGame":34,"stat.mineBlock.16":87,"stat.mineBlock.15":20,"stat.jump":198,"stat.fallOneCm":3073,"achievement.exploreAllBiomes":{"value":0,"progress":["Roofed Forest","Tainted Land","Plains"]},"stat.craftItem.5":30,"stat.damageTaken":560,"stat.mineBlock.4":2,"stat.mineBlock.3":292,"stat.mineBlock.1":278,"achievement.botania:flowerPickup":2,"stat.mineBlock.61":1,"stat.flyOneCm":944,"stat.useItem.50":30,"stat.damageDealt":510,"stat.killEntity.Cow":1,"stat.killEntity.Pig":3,"stat.useItem.58":3,"stat.useItem.274":353,"stat.useItem.273":257,"stat.walkOneCm":191328,"stat.craftItem.265":15,"stat.craftItem.268":1,"stat.mineBlock.175":1,"stat.mineBlock.58":2,"stat.craftItem.257":1,"stat.mineBlock.50":6,"stat.breakItem.270":1,"stat.craftItem.320":4,"stat.useItem.257":3,"stat.breakItem.274":2,"achievement.openInventory":17,"stat.breakItem.273":1,"stat.mineBlock.162":8,"stat.craftItem.280":36,"stat.mobKills":4,"stat.craftItem.272":1,"stat.craftItem.273":2,"stat.craftItem.58":1,"stat.craftItem.274":4,"stat.deaths":2,"stat.drop":4,"stat.playOneMinute":51526,"stat.craftItem.50":36,"stat.useItem.4":13,"stat.craftItem.270":1,"stat.useItem.3":100,"stat.craftItem.271":1,"stat.useItem.270":60,"stat.mineBlock.31":11,"stat.useItem.272":8,"stat.useItem.271":3}