{"stat.useItem.61":1,"stat.craftItem.61":1,"stat.leaveGame":4,"stat.jump":139,"stat.swimOneCm":439,"stat.useItem.126":41,"stat.fallOneCm":4670,"achievement.buildWorkBench":3,"achievement.exploreAllBiomes":{"value":0,"progress":["Roofed Forest","Plains","Desert"]},"stat.craftItem.5":80,"stat.damageTaken":1600,"stat.mineBlock.3":37,"achievement.botania:flowerPickup":3,"stat.mineBlock.1":93,"stat.flyOneCm":46990,"stat.useItem.50":6,"achievement.buildPickaxe":4,"stat.damageDealt":1525,"stat.mineBlock.126":3,"stat.killEntity.Pig":1,"stat.useItem.58":4,"stat.craftItem.263":10,"stat.walkOneCm":252692,"stat.mineBlock.175":2,"stat.mineBlock.58":1,"achievement.mineWood":58,"stat.craftItem.126":96,"stat.mineBlock.50":1,"stat.breakItem.270":1,"stat.breakItem.271":3,"achievement.openInventory":16,"stat.mineBlock.161":7,"stat.mineBlock.162":61,"stat.craftItem.280":16,"stat.mobKills":3,"stat.entityKilledBy.Creeper":1,"achievement.buildFurnace":1,"stat.craftItem.58":3,"stat.deaths":6,"stat.playOneMinute":96054,"stat.craftItem.50":24,"stat.craftItem.270":2,"stat.useItem.3":48,"stat.craftItem.271":3,"stat.useItem.270":116,"stat.mineBlock.31":12,"stat.useItem.271":177}